{"v":"5.7.4","fr":30,"ip":0,"op":61,"w":887,"h":119,"nm":"card1","ddd":0,"assets":[],"layers":[{"ddd":0,"ind":1,"ty":4,"nm":"Кривые Слой 3","sr":1,"ks":{"o":{"a":0,"k":100,"ix":11},"r":{"a":0,"k":0,"ix":10},"p":{"a":0,"k":[443.499,59.5,0],"ix":2,"l":2},"a":{"a":0,"k":[443.75,59.75,0],"ix":1,"l":2},"s":{"a":0,"k":[100,100,100],"ix":6,"l":2}},"ao":0,"shapes":[{"ty":"gr","it":[{"ind":0,"ty":"sh","ix":1,"ks":{"a":0,"k":{"i":[[-4.142,0],[0,0],[0,-4.142],[4.142,0],[0,0],[0,4.143]],"o":[[0,0],[4.142,0],[0,4.143],[0,0],[-4.142,0],[0,-4.142]],"v":[[-302.732,-7.5],[302.732,-7.5],[310.232,0],[302.732,7.5],[-302.732,7.5],[-310.232,0]],"c":true},"ix":2},"nm":"Контур 1","mn":"ADBE Vector Shape - Group","hd":false},{"ty":"fl","c":{"a":1,"k":[{"i":{"x":[0.667],"y":[1]},"o":{"x":[0.333],"y":[0]},"t":0,"s":[0.941176530427,0.941176530427,0.941176530427,1],"e":[0.882352948189,0.882352948189,0.882352948189,1]},{"i":{"x":[0.667],"y":[1]},"o":{"x":[0.333],"y":[0]},"t":30,"s":[0.882352948189,0.882352948189,0.882352948189,1],"e":[0.941176530427,0.941176530427,0.941176530427,1]},{"t":60}],"ix":4,"x":"var $bm_rt;\n$bm_rt = loopOut();"},"o":{"a":0,"k":100,"ix":5},"r":1,"bm":0,"nm":"Заливка 1","mn":"ADBE Vector Graphic - Fill","hd":false},{"ty":"tr","p":{"a":0,"k":[418.482,87.75],"ix":2},"a":{"a":0,"k":[0,0],"ix":1},"s":{"a":0,"k":[100,100],"ix":3},"r":{"a":0,"k":0,"ix":6},"o":{"a":0,"k":100,"ix":7},"sk":{"a":0,"k":0,"ix":4},"sa":{"a":0,"k":0,"ix":5},"nm":"Преобразовать"}],"nm":"Группа 1","np":2,"cix":2,"bm":0,"ix":1,"mn":"ADBE Vector Group","hd":false},{"ty":"gr","it":[{"ind":0,"ty":"sh","ix":1,"ks":{"a":0,"k":{"i":[[-4.142,0],[0,0],[0,-4.142],[4.142,0],[0,0],[0,4.142]],"o":[[0,0],[4.142,0],[0,4.142],[0,0],[-4.142,0],[0,-4.142]],"v":[[-302.732,-7.5],[302.732,-7.5],[310.232,0],[302.732,7.5],[-302.732,7.5],[-310.232,0]],"c":true},"ix":2},"nm":"Контур 1","mn":"ADBE Vector Shape - Group","hd":false},{"ty":"fl","c":{"a":1,"k":[{"i":{"x":[0.667],"y":[1]},"o":{"x":[0.333],"y":[0]},"t":0,"s":[0.941176530427,0.941176530427,0.941176530427,1],"e":[0.882352948189,0.882352948189,0.882352948189,1]},{"i":{"x":[0.667],"y":[1]},"o":{"x":[0.333],"y":[0]},"t":30,"s":[0.882352948189,0.882352948189,0.882352948189,1],"e":[0.941176530427,0.941176530427,0.941176530427,1]},{"t":60}],"ix":4,"x":"var $bm_rt;\n$bm_rt = loopOut();"},"o":{"a":0,"k":100,"ix":5},"r":1,"bm":0,"nm":"Заливка 2","mn":"ADBE Vector Graphic - Fill","hd":false},{"ty":"tr","p":{"a":0,"k":[418.482,59.75],"ix":2},"a":{"a":0,"k":[0,0],"ix":1},"s":{"a":0,"k":[100,100],"ix":3},"r":{"a":0,"k":0,"ix":6},"o":{"a":0,"k":100,"ix":7},"sk":{"a":0,"k":0,"ix":4},"sa":{"a":0,"k":0,"ix":5},"nm":"Преобразовать"}],"nm":"Группа 2","np":2,"cix":2,"bm":0,"ix":2,"mn":"ADBE Vector Group","hd":false},{"ty":"gr","it":[{"ind":0,"ty":"sh","ix":1,"ks":{"a":0,"k":{"i":[[-4.143,0],[0,0],[0,-4.142],[4.143,0],[0,0],[0,4.142]],"o":[[0,0],[4.143,0],[0,4.142],[0,0],[-4.143,0],[0,-4.142]],"v":[[-15,-7.5],[15,-7.5],[22.5,0],[15,7.5],[-15,7.5],[-22.5,0]],"c":true},"ix":2},"nm":"Контур 1","mn":"ADBE Vector Shape - Group","hd":false},{"ty":"fl","c":{"a":1,"k":[{"i":{"x":[0.667],"y":[1]},"o":{"x":[0.333],"y":[0]},"t":0,"s":[0.941176530427,0.941176530427,0.941176530427,1],"e":[0.882352948189,0.882352948189,0.882352948189,1]},{"i":{"x":[0.667],"y":[1]},"o":{"x":[0.333],"y":[0]},"t":30,"s":[0.882352948189,0.882352948189,0.882352948189,1],"e":[0.941176530427,0.941176530427,0.941176530427,1]},{"t":60}],"ix":4,"x":"var $bm_rt;\n$bm_rt = loopOut();"},"o":{"a":0,"k":100,"ix":5},"r":1,"bm":0,"nm":"Заливка 3","mn":"ADBE Vector Graphic - Fill","hd":false},{"ty":"tr","p":{"a":0,"k":[840.75,31.75],"ix":2},"a":{"a":0,"k":[0,0],"ix":1},"s":{"a":0,"k":[100,100],"ix":3},"r":{"a":0,"k":0,"ix":6},"o":{"a":0,"k":100,"ix":7},"sk":{"a":0,"k":0,"ix":4},"sa":{"a":0,"k":0,"ix":5},"nm":"Преобразовать"}],"nm":"Группа 3","np":2,"cix":2,"bm":0,"ix":3,"mn":"ADBE Vector Group","hd":false},{"ty":"gr","it":[{"ind":0,"ty":"sh","ix":1,"ks":{"a":0,"k":{"i":[[-4.142,0],[0,0],[0,-4.142],[4.142,0],[0,0],[0,4.142]],"o":[[0,0],[4.142,0],[0,4.142],[0,0],[-4.142,0],[0,-4.142]],"v":[[-97.5,-7.5],[97.5,-7.5],[105,0],[97.5,7.5],[-97.5,7.5],[-105,0]],"c":true},"ix":2},"nm":"Контур 1","mn":"ADBE Vector Shape - Group","hd":false},{"ty":"fl","c":{"a":1,"k":[{"i":{"x":[0.667],"y":[1]},"o":{"x":[0.333],"y":[0]},"t":0,"s":[0.941176530427,0.941176530427,0.941176530427,1],"e":[0.882352948189,0.882352948189,0.882352948189,1]},{"i":{"x":[0.667],"y":[1]},"o":{"x":[0.333],"y":[0]},"t":30,"s":[0.882352948189,0.882352948189,0.882352948189,1],"e":[0.941176530427,0.941176530427,0.941176530427,1]},{"t":60}],"ix":4,"x":"var $bm_rt;\n$bm_rt = loopOut();"},"o":{"a":0,"k":100,"ix":5},"r":1,"bm":0,"nm":"Заливка 2","mn":"ADBE Vector Graphic - Fill","hd":false},{"ty":"tr","p":{"a":0,"k":[213.25,31.75],"ix":2},"a":{"a":0,"k":[0,0],"ix":1},"s":{"a":0,"k":[100,100],"ix":3},"r":{"a":0,"k":0,"ix":6},"o":{"a":0,"k":100,"ix":7},"sk":{"a":0,"k":0,"ix":4},"sa":{"a":0,"k":0,"ix":5},"nm":"Преобразовать"}],"nm":"Группа 4","np":2,"cix":2,"bm":0,"ix":4,"mn":"ADBE Vector Group","hd":false},{"ty":"gr","it":[{"ind":0,"ty":"sh","ix":1,"ks":{"a":0,"k":{"i":[[-16.568,0],[0,0],[0,-16.568],[16.569,0],[0,16.569]],"o":[[0,0],[16.569,0],[0,16.569],[-16.568,0],[0,-16.568]],"v":[[0,-30],[0,-30],[30,0],[0,30],[-30,0]],"c":true},"ix":2},"nm":"Контур 1","mn":"ADBE Vector Shape - Group","hd":false},{"ty":"fl","c":{"a":1,"k":[{"i":{"x":[0.667],"y":[1]},"o":{"x":[0.333],"y":[0]},"t":0,"s":[0.941176530427,0.941176530427,0.941176530427,1],"e":[0.882352948189,0.882352948189,0.882352948189,1]},{"i":{"x":[0.667],"y":[1]},"o":{"x":[0.333],"y":[0]},"t":30,"s":[0.882352948189,0.882352948189,0.882352948189,1],"e":[0.941176530427,0.941176530427,0.941176530427,1]},{"t":60}],"ix":4,"x":"var $bm_rt;\n$bm_rt = loopOut();"},"o":{"a":0,"k":100,"ix":5},"r":1,"bm":0,"nm":"Заливка 2","mn":"ADBE Vector Graphic - Fill","hd":false},{"ty":"tr","p":{"a":0,"k":[54.25,59.75],"ix":2},"a":{"a":0,"k":[0,0],"ix":1},"s":{"a":0,"k":[100,100],"ix":3},"r":{"a":0,"k":0,"ix":6},"o":{"a":0,"k":100,"ix":7},"sk":{"a":0,"k":0,"ix":4},"sa":{"a":0,"k":0,"ix":5},"nm":"Преобразовать"}],"nm":"Группа 5","np":2,"cix":2,"bm":0,"ix":5,"mn":"ADBE Vector Group","hd":false},{"ty":"gr","it":[{"ind":0,"ty":"sh","ix":1,"ks":{"a":0,"k":{"i":[[0,0],[-2.209,0],[0,0],[0,-2.209],[0,0],[2.209,0],[0,0],[0,2.208]],"o":[[0,-2.209],[0,0],[2.209,0],[0,0],[0,2.208],[0,0],[-2.209,0],[0,0]],"v":[[-443.5,-55.5],[-439.5,-59.5],[439.5,-59.5],[443.5,-55.5],[443.5,55.5],[439.5,59.5],[-439.5,59.5],[-443.5,55.5]],"c":true},"ix":2},"nm":"Контур 1","mn":"ADBE Vector Shape - Group","hd":false},{"ty":"fl","c":{"a":0,"k":[1,1,1,1],"ix":4},"o":{"a":0,"k":100,"ix":5},"r":1,"bm":0,"nm":"Заливка 1","mn":"ADBE Vector Graphic - Fill","hd":false},{"ty":"tr","p":{"a":0,"k":[443.75,59.75],"ix":2},"a":{"a":0,"k":[0,0],"ix":1},"s":{"a":0,"k":[100,100],"ix":3},"r":{"a":0,"k":0,"ix":6},"o":{"a":0,"k":100,"ix":7},"sk":{"a":0,"k":0,"ix":4},"sa":{"a":0,"k":0,"ix":5},"nm":"Преобразовать"}],"nm":"Группа 6","np":4,"cix":2,"bm":0,"ix":6,"mn":"ADBE Vector Group","hd":false}],"ip":0,"op":1050,"st":0,"bm":0}],"markers":[{"tm":15,"cm":"9","dr":0}]}